Year,0,1,2,3,4
1975,Base on Balls,John Mayberry,Kansas City,119,Top 25
1975,Batting Average,Rod Carew,Minnesota,.359,Top 25
1975,Doubles,Fred Lynn,Boston,47,Top 25
1975,Hits,George Brett,Kansas City,195,Top 25
1975,Home Runs,Reggie Jackson,Oakland,36,Top 25
1975,Home Runs,George Scott,Milwaukee,36,Top 25
1975,On Base Percentage,Rod Carew,Minnesota,.428,Top 25
1975,RBI,George Scott,Milwaukee,109,Top 25
1975,Runs,Fred Lynn,Boston,103,Top 25
1975,Slugging Average,Fred Lynn,Boston,.566,Top 25
1975,Stolen Bases,Mickey Rivers,California,70,Top 25
1975,Total Bases,George Scott,Milwaukee,318,Top 25
1975,Triples,George Brett,Kansas City,13,Top 25
1975,Triples,Mickey Rivers,California,13,Top 25
1975,Statistic,Name(s),Team(s),#,Top 25
1975,1975 A.L. History | 1975 N.L. History | Year-by-Year History,1975 A.L. History | 1975 N.L. History | Year-by-Year History,1975 A.L. History | 1975 N.L. History | Year-by-Year History,1975 A.L. History | 1975 N.L. History | Year-by-Year History,1975 A.L. History | 1975 N.L. History | Year-by-Year History
1976,Base on Balls,Mike Hargrove,Texas,97,Top 25
1976,Batting Average,George Brett,Kansas City,.333,Top 25
1976,Doubles,Amos Otis,Kansas City,40,Top 25
1976,Hits,George Brett,Kansas City,215,Top 25
1976,Home Runs,Graig Nettles,New York,32,Top 25
1976,On Base Percentage,Hal McRae,Kansas City,.412,Top 25
1976,RBI,Lee May,Baltimore,109,Top 25
1976,Runs,Roy White,New York,104,Top 25
1976,Slugging Average,Reggie Jackson,Baltimore,.502,Top 25
1976,Stolen Bases,Billy North,Oakland,75,Top 25
1976,Total Bases,George Brett,Kansas City,298,Top 25
1976,Triples,George Brett,Kansas City,14,Top 25
1976,Statistic,Name(s),Team(s),#,Top 25
1976,1976 A.L. History | 1976 N.L. History | Year-by-Year History,1976 A.L. History | 1976 N.L. History | Year-by-Year History,1976 A.L. History | 1976 N.L. History | Year-by-Year History,1976 A.L. History | 1976 N.L. History | Year-by-Year History,1976 A.L. History | 1976 N.L. History | Year-by-Year History
1977,Base on Balls,Toby Harrah,Texas,109,Top 25
1977,Batting Average,Rod Carew,Minnesota,.388,Top 25
1977,Doubles,Hal McRae,Kansas City,54,Top 25
1977,Hits,Rod Carew,Minnesota,239,Top 25
1977,Home Runs,Jim Rice,Boston,39,Top 25
1977,On Base Percentage,Rod Carew,Minnesota,.452,Top 25
1977,RBI,Larry Hisle,Minnesota,119,Top 25
1977,Runs,Rod Carew,Minnesota,128,Top 25
1977,Slugging Average,Jim Rice,Boston,.593,Top 25
1977,Stolen Bases,Freddie Patek,Kansas City,53,Top 25
1977,Total Bases,Jim Rice,Boston,382,Top 25
1977,Triples,Rod Carew,Minnesota,16,Top 25
1977,Statistic,Name(s),Team(s),#,Top 25
1977,1977 A.L. History | 1977 N.L. History | Year-by-Year History,1977 A.L. History | 1977 N.L. History | Year-by-Year History,1977 A.L. History | 1977 N.L. History | Year-by-Year History,1977 A.L. History | 1977 N.L. History | Year-by-Year History,1977 A.L. History | 1977 N.L. History | Year-by-Year History
1978,Base on Balls,Mike Hargrove,Texas,107,Top 25
1978,Batting Average,Rod Carew,Minnesota,.333,Top 25
1978,Doubles,George Brett,Kansas City,45,Top 25
1978,Hits,Jim Rice,Boston,213,Top 25
1978,Home Runs,Jim Rice,Boston,46,Top 25
1978,On Base Percentage,Rod Carew,Minnesota,.415,Top 25
1978,RBI,Jim Rice,Boston,139,Top 25
1978,Runs,Ron LeFlore,Detroit,126,Top 25
1978,Slugging Average,Jim Rice,Boston,.600,Top 25
1978,Stolen Bases,Ron LeFlore,Detroit,68,Top 25
1978,Total Bases,Jim Rice,Boston,406,Top 25
1978,Triples,Jim Rice,Boston,15,Top 25
1978,Statistic,Name(s),Team(s),#,Top 25
1978,1978 A.L. History | 1978 N.L. History | Year-by-Year History,1978 A.L. History | 1978 N.L. History | Year-by-Year History,1978 A.L. History | 1978 N.L. History | Year-by-Year History,1978 A.L. History | 1978 N.L. History | Year-by-Year History,1978 A.L. History | 1978 N.L. History | Year-by-Year History
1979,Base on Balls,Darrell Porter,Kansas City,121,Top 25
1979,Batting Average,Fred Lynn,Boston,.333,Top 25
1979,Doubles,Cecil Cooper,Milwaukee,44,Top 25
1979,Doubles,Chet Lemon,Chicago,44,Top 25
1979,Hits,George Brett,Kansas City,212,Top 25
1979,Home Runs,Gorman Thomas,Milwaukee,45,Top 25
1979,On Base Percentage,Darrell Porter,Kansas City,.429,Top 25
1979,RBI,Don Baylor,California,139,Top 25
1979,Runs,Don Baylor,California,120,Top 25
1979,Slugging Average,Fred Lynn,Boston,.637,Top 25
1979,Stolen Bases,Willie Wilson,Kansas City,83,Top 25
1979,Total Bases,Jim Rice,Boston,369,Top 25
1979,Triples,George Brett,Kansas City,20,Top 25
1979,Statistic,Name(s),Team(s),#,Top 25
1979,1979 A.L. History | 1979 N.L. History | Year-by-Year History,1979 A.L. History | 1979 N.L. History | Year-by-Year History,1979 A.L. History | 1979 N.L. History | Year-by-Year History,1979 A.L. History | 1979 N.L. History | Year-by-Year History,1979 A.L. History | 1979 N.L. History | Year-by-Year History
1980,Base on Balls,Willie Randolph,New York,119,Top 25
1980,Batting Average,George Brett,Kansas City,.390,Top 25
1980,Doubles,Robin Yount,Milwaukee,49,Top 25
1980,Hits,Willie Wilson,Kansas City,230,Top 25
1980,Home Runs,Ben Oglivie,Milwaukee,41,Top 25
1980,Home Runs,Reggie Jackson,New York,41,Top 25
1980,On Base Percentage,George Brett,Kansas City,.461,Top 25
1980,RBI,Cecil Cooper,Milwaukee,122,Top 25
1980,Runs,Willie Wilson,Kansas City,133,Top 25
1980,Slugging Average,George Brett,Kansas City,.664,Top 25
1980,Stolen Bases,Rickey Henderson,Oakland,100,Top 25
1980,Total Bases,Cecil Cooper,Milwaukee,335,Top 25
1980,Triples,Alfredo Griffin,Toronto,15,Top 25
1980,Triples,Willie Wilson,Kansas City,15,Top 25
1980,Statistic,Name(s),Team(s),#,Top 25
1980,1980 A.L. History | 1980 N.L. History | Year-by-Year History,1980 A.L. History | 1980 N.L. History | Year-by-Year History,1980 A.L. History | 1980 N.L. History | Year-by-Year History,1980 A.L. History | 1980 N.L. History | Year-by-Year History,1980 A.L. History | 1980 N.L. History | Year-by-Year History
1981,Base on Balls,Dwight Evans,Boston,85,Top 25
1981,Batting Average,Carney Lansford,Boston,.336,Top 25
1981,Doubles,Cecil Cooper,Milwaukee,35,Top 25
1981,Hits,Rickey Henderson,Oakland,135,Top 25
1981,Home Runs,Tony Armas,Oakland,22,Top 25
1981,Home Runs,Dwight Evans,Boston,22,Top 25
1981,Home Runs,Bobby Grich,California,22,Top 25
1981,Home Runs,Eddie Murray,Baltimore,22,Top 25
1981,On Base Percentage,Mike Hargrove,Cleveland,.432,Top 25
1981,RBI,Eddie Murray,Baltimore,78,Top 25
1981,Runs,Rickey Henderson,Oakland,89,Top 25
1981,Slugging Average,Bobby Grich,California,.543,Top 25
1981,Stolen Bases,Rickey Henderson,Oakland,56,Top 25
1981,Total Bases,Dwight Evans,Boston,215,Top 25
1981,Triples,John Castino,Minnesota,9,Top 25
1981,Statistic,Name(s),Team(s),#,Top 25
1981,1981 A.L. History | 1981 N.L. History | Year-by-Year History,1981 A.L. History | 1981 N.L. History | Year-by-Year History,1981 A.L. History | 1981 N.L. History | Year-by-Year History,1981 A.L. History | 1981 N.L. History | Year-by-Year History,1981 A.L. History | 1981 N.L. History | Year-by-Year History
1982,Base on Balls,Rickey Henderson,Oakland,116,Top 25
1982,Batting Average,Willie Wilson,Kansas City,.332,Top 25
1982,Doubles,Hal McRae,Kansas City,46,Top 25
1982,Doubles,Robin Yount,Milwaukee,46,Top 25
1982,Hits,Robin Yount,Milwaukee,210,Top 25
1982,Home Runs,Reggie Jackson,California,39,Top 25
1982,Home Runs,Gorman Thomas,Milwaukee,39,Top 25
1982,On Base Percentage,Dwight Evans,Boston,.403,Top 25
1982,RBI,Hal McRae,Kansas City,133,Top 25
1982,Runs,Paul Molitor,Milwaukee,136,Top 25
1982,Slugging Average,Robin Yount,Milwaukee,.578,Top 25
1982,Stolen Bases,Rickey Henderson,Oakland,130,Top 25
1982,Total Bases,Robin Yount,Milwaukee,367,Top 25
1982,Triples,Willie Wilson,Kansas City,15,Top 25
1982,Statistic,Name(s),Team(s),#,Top 25
1982,1982 A.L. History | 1982 N.L. History | Year-by-Year History,1982 A.L. History | 1982 N.L. History | Year-by-Year History,1982 A.L. History | 1982 N.L. History | Year-by-Year History,1982 A.L. History | 1982 N.L. History | Year-by-Year History,1982 A.L. History | 1982 N.L. History | Year-by-Year History
1983,Base on Balls,Rickey Henderson,Oakland,103,Top 25
1983,Batting Average,Wade Boggs,Boston,.361,Top 25
1983,Doubles,"Cal Ripken, Jr.",Baltimore,47,Top 25
1983,Hits,"Cal Ripken, Jr.",Baltimore,211,Top 25
1983,Home Runs,Jim Rice,Boston,39,Top 25
1983,On Base Percentage,Wade Boggs,Boston,.449,Top 25
1983,RBI,Cecil Cooper,Milwaukee,126,Top 25
1983,RBI,Jim Rice,Boston,126,Top 25
1983,Runs,"Cal Ripken, Jr.",Baltimore,121,Top 25
1983,Slugging Average,George Brett,Kansas City,.563,Top 25
1983,Stolen Bases,Rickey Henderson,Oakland,108,Top 25
1983,Total Bases,Jim Rice,Boston,344,Top 25
1983,Triples,Robin Yount,Milwaukee,10,Top 25
1983,Statistic,Name(s),Team(s),#,Top 25
1983,1983 A.L. History | 1983 N.L. History | Year-by-Year History,1983 A.L. History | 1983 N.L. History | Year-by-Year History,1983 A.L. History | 1983 N.L. History | Year-by-Year History,1983 A.L. History | 1983 N.L. History | Year-by-Year History,1983 A.L. History | 1983 N.L. History | Year-by-Year History
1984,Base on Balls,Eddie Murray,Baltimore,107,Top 25
1984,Batting Average,Don Mattingly,New York,.343,Top 25
1984,Doubles,Don Mattingly,New York,44,Top 25
1984,Hits,Don Mattingly,New York,207,Top 25
1984,Home Runs,Tony Armas,Boston,43,Top 25
1984,On Base Percentage,Eddie Murray,Baltimore,.415,Top 25
1984,RBI,Tony Armas,Boston,123,Top 25
1984,Runs,Dwight Evans,Boston,121,Top 25
1984,Slugging Average,Harold Baines,Chicago,.541,Top 25
1984,Stolen Bases,Rickey Henderson,Oakland,66,Top 25
1984,Total Bases,Tony Armas,Boston,339,Top 25
1984,Triples,Dave Collins,Toronto,15,Top 25
1984,Triples,Lloyd Moseby,Toronto,15,Top 25
1984,Statistic,Name(s),Team(s),#,Top 25
1984,1984 A.L. History | 1984 N.L. History | Year-by-Year History,1984 A.L. History | 1984 N.L. History | Year-by-Year History,1984 A.L. History | 1984 N.L. History | Year-by-Year History,1984 A.L. History | 1984 N.L. History | Year-by-Year History,1984 A.L. History | 1984 N.L. History | Year-by-Year History
1985,Base on Balls,Dwight Evans,Boston,114,Top 25
1985,Batting Average,Wade Boggs,Boston,.368,Top 25
1985,Doubles,Don Mattingly,New York,48,Top 25
1985,Hits,Wade Boggs,Boston,240,Top 25
1985,Home Runs,Darrell Evans,Detroit,40,Top 25
1985,On Base Percentage,Wade Boggs,Boston,.452,Top 25
1985,RBI,Don Mattingly,New York,145,Top 25
1985,Runs,Rickey Henderson,New York,146,Top 25
1985,Slugging Average,George Brett,Kansas City,.585,Top 25
1985,Stolen Bases,Rickey Henderson,New York,80,Top 25
1985,Total Bases,Don Mattingly,New York,370,Top 25
1985,Triples,Willie Wilson,Kansas City,21,Top 25
1985,Statistic,Name(s),Team(s),#,Top 25
1985,1985 A.L. History | 1985 N.L. History | Year-by-Year History,1985 A.L. History | 1985 N.L. History | Year-by-Year History,1985 A.L. History | 1985 N.L. History | Year-by-Year History,1985 A.L. History | 1985 N.L. History | Year-by-Year History,1985 A.L. History | 1985 N.L. History | Year-by-Year History
1986,Base on Balls,Wade Boggs,Boston,106,Top 25
1986,Batting Average,Wade Boggs,Boston,.357,Top 25
1986,Doubles,Don Mattingly,New York,53,Top 25
1986,Hits,Don Mattingly,New York,238,Top 25
1986,Home Runs,Jesse Barfield,Toronto,40,Top 25
1986,On Base Percentage,Wade Boggs,Boston,.455,Top 25
1986,RBI,Joe Carter,Cleveland,121,Top 25
1986,Runs,Rickey Henderson,New York,130,Top 25
1986,Slugging Average,Don Mattingly,New York,.573,Top 25
1986,Stolen Bases,Rickey Henderson,New York,87,Top 25
1986,Total Bases,Don Mattingly,New York,388,Top 25
1986,Triples,Brett Butler,Cleveland,14,Top 25
1986,Statistic,Name(s),Team(s),#,Top 25
1987,Base on Balls,Dwight Evans,Boston,106,Top 25
1987,Batting Average,Wade Boggs,Boston,.363,Top 25
1987,Doubles,Paul Molitor,Milwaukee,41,Top 25
1987,Hits,Kirby Puckett,Minnesota,207,Top 25
1987,Hits,Kevin Seitzer,Kansas City,207,Top 25
1987,Home Runs,Mark McGwire,Oakland,49,Top 25
1987,On Base Percentage,Wade Boggs,Boston,.467,Top 25
1987,RBI,George Bell,Toronto,134,Top 25
1987,Runs,Paul Molitor,Milwaukee,114,Top 25
1987,Slugging Average,Mark McGwire,Oakland,.618,Top 25
1987,Stolen Bases,Harold Reynolds,Seattle,67,Top 25
1987,Total Bases,George Bell,Toronto,369,Top 25
1987,Triples,Willie Wilson,Kansas City,15,Top 25
1987,Statistic,Name(s),Team(s),#,Top 25
1988,Base on Balls,Wade Boggs,Boston,125,Top 25
1988,Batting Average,Wade Boggs,Boston,.366,Top 25
1988,Doubles,Wade Boggs,Boston,45,Top 25
1988,Hits,Kirby Puckett,Minnesota,234,Top 25
1988,Home Runs,Jose Canseco,Oakland,42,Top 25
1988,On Base Percentage,Wade Boggs,Boston,.480,Top 25
1988,RBI,Jose Canseco,Oakland,124,Top 25
1988,Runs,Wade Boggs,Boston,128,Top 25
1988,Slugging Average,Jose Canseco,Oakland,.569,Top 25
1988,Stolen Bases,Rickey Henderson,New York,93,Top 25
1988,Total Bases,Kirby Puckett,Minnesota,358,Top 25
1988,Triples,Harold Reynolds,Seattle,11,Top 25
1988,Triples,Willie Wilson,Kansas City,11,Top 25
1988,Triples,Robin Yount,Milwaukee,11,Top 25
1988,Statistic,Name(s),Team(s),#,Top 25
1989,Base on Balls,Rickey Henderson,New York,126,Top 25
1989,Base on Balls,Rickey Henderson,Oakland,126,Top 25
1989,Batting Average,Kirby Puckett,Minnesota,.339,Top 25
1989,Doubles,Wade Boggs,Boston,51,Top 25
1989,Hits,Kirby Puckett,Minnesota,215,Top 25
1989,Home Runs,Fred McGriff,Toronto,36,Top 25
1989,On Base Percentage,Wade Boggs,Boston,.434,Top 25
1989,RBI,Ruben Sierra,Texas,119,Top 25
1989,Runs,Wade Boggs,Boston,113,Top 25
1989,Runs,Rickey Henderson,New York,113,Top 25
1989,Runs,Rickey Henderson,Oakland,113,Top 25
1989,Slugging Average,Ruben Sierra,Texas,.543,Top 25
1989,Stolen Bases,Rickey Henderson,New York,77,Top 25
1989,Stolen Bases,Rickey Henderson,Oakland,77,Top 25
1989,Total Bases,Ruben Sierra,Texas,344,Top 25
1989,Triples,Ruben Sierra,Texas,14,Top 25
1989,Statistic,Name(s),Team(s),#,Top 25
1990,Base on Balls,Mark McGwire,Oakland,110,Top 25
1990,Batting Average,George Brett,Kansas City,.329,Top 25
1990,Doubles,George Brett,Kansas City,45,Top 25
1990,Doubles,Jody Reed,Boston,45,Top 25
1990,Hits,Rafael Palmeiro,Texas,191,Top 25
1990,Home Runs,Cecil Fielder,Detroit,51,Top 25
1990,On Base Percentage,Rickey Henderson,Oakland,.441,Top 25
1990,RBI,Cecil Fielder,Detroit,132,Top 25
1990,Runs,Rickey Henderson,Oakland,119,Top 25
1990,Slugging Average,Cecil Fielder,Detroit,.592,Top 25
1990,Stolen Bases,Rickey Henderson,Oakland,65,Top 25
1990,Total Bases,Cecil Fielder,Detroit,339,Top 25
1990,Triples,Tony Fernandez,Toronto,17,Top 25
1990,Statistic,Name,Team,#,Top 25
1991,Base on Balls,Frank Thomas,Chicago,138,Top 25
1991,Batting Average,Julio Franco,Texas,.341,Top 25
1991,Doubles,Rafael Palmeiro,Texas,49,Top 25
1991,Hits,Paul Molitor,Milwaukee,216,Top 25
1991,Home Runs,Jose Canseco,Oakland,44,Top 25
1991,Home Runs,Cecil Fielder,Detroit,44,Top 25
1991,On Base Percentage,Frank Thomas,Chicago,.454,Top 25
1991,RBI,Cecil Fielder,Detroit,133,Top 25
1991,Runs,Paul Molitor,Milwaukee,133,Top 25
1991,Slugging Average,Danny Tartabull,Kansas City,.593,Top 25
1991,Stolen Bases,Rickey Henderson,Oakland,58,Top 25
1991,Total Bases,"Cal Ripken, Jr.",Baltimore,368,Top 25
1991,Triples,Lance Johnson,Chicago,12,Top 25
1991,Statistic,Name,Team,#,Top 25
1991,1991 A.L. History | 1991 N.L. History | Year-by-Year History,1991 A.L. History | 1991 N.L. History | Year-by-Year History,1991 A.L. History | 1991 N.L. History | Year-by-Year History,1991 A.L. History | 1991 N.L. History | Year-by-Year History,1991 A.L. History | 1991 N.L. History | Year-by-Year History
1992,Base on Balls,Mickey Tettleton,Detroit,122,Top 25
1992,Base on Balls,Frank Thomas,Chicago,122,Top 25
1992,Batting Average,Edgar Martinez,Seattle,.343,Top 25
1992,Doubles,Edgar Martinez,Seattle,46,Top 25
1992,Doubles,Frank Thomas,Chicago,46,Top 25
1992,Hits,Kirby Puckett,Minnesota,210,Top 25
1992,Home Runs,Juan Gonzalez,Texas,43,Top 25
1992,On Base Percentage,Frank Thomas,Chicago,.446,Top 25
1992,RBI,Cecil Fielder,Detroit,124,Top 25
1992,Runs,Tony Phillips,Detroit,114,Top 25
1992,Slugging Average,Mark McGwire,Oakland,.585,Top 25
1992,Stolen Bases,Kenny Lofton,Cleveland,66,Top 25
1992,Total Bases,Kirby Puckett,Minnesota,313,Top 25
1992,Triples,Lance Johnson,Chicago,12,Top 25
1992,Statistic,Name,Team,#,Top 25
1993,Base on Balls,Tony Phillips,Detroit,132,Top 25
1993,Batting Average,John Olerud,Toronto,.363,Top 25
1993,Doubles,John Olerud,Toronto,54,Top 25
1993,Hits,Paul Molitor,Toronto,211,Top 25
1993,Home Runs,Juan Gonzalez,Texas,46,Top 25
1993,On Base Percentage,John Olerud,Toronto,.478,Top 25
1993,RBI,Albert Belle,Cleveland,129,Top 25
1993,Runs,Rafael Palmeiro,Texas,124,Top 25
1993,Slugging Average,Juan Gonzalez,Texas,.632,Top 25
1993,Stolen Bases,Kenny Lofton,Cleveland,70,Top 25
1993,Total Bases,"Ken Griffey, Jr.",Seattle,359,Top 25
1993,Triples,Lance Johnson,Chicago,14,Top 25
1993,Statistic,Name,Team,#,Top 25
1994,Base on Balls,Frank Thomas,Chicago,109,Top 25
1994,Batting Average,Paul O'Neill,New York,.359,Top 25
1994,Doubles,Chuck Knoblauch,Minnesota,45,Top 25
1994,Hits,Kenny Lofton,Cleveland,160,Top 25
1994,Home Runs,"Ken Griffey, Jr.",Seattle,40,Top 25
1994,On Base Percentage,Frank Thomas,Chicago,.494,Top 25
1994,RBI,Kirby Puckett,Minnesota,112,Top 25
1994,Runs,Frank Thomas,Chicago,106,Top 25
1994,Slugging Average,Frank Thomas,Chicago,.729,Top 25
1994,Stolen Bases,Kenny Lofton,Cleveland,60,Top 25
1994,Total Bases,Albert Belle,Cleveland,294,Top 25
1994,Triples,Lance Johnson,Chicago,14,Top 25
1994,Statistic,Name,Team,#,Top 25
1995,Base on Balls,Frank Thomas,Chicago,136,Top 25
1995,Batting Average,Edgar Martinez,Seattle,.356,Top 25
1995,Doubles,Albert Belle,Cleveland,52,Top 25
1995,Doubles,Edgar Martinez,Seattle,52,Top 25
1995,Hits,Lance Johnson,Chicago,186,Top 25
1995,Home Runs,Albert Belle,Cleveland,50,Top 25
1995,On Base Percentage,Edgar Martinez,Seattle,.482,Top 25
1995,RBI,Albert Belle,Cleveland,126,Top 25
1995,RBI,Mo Vaughn,Boston,126,Top 25
1995,Runs,Albert Belle,Cleveland,121,Top 25
1995,Runs,Edgar Martinez,Seattle,121,Top 25
1995,Slugging Average,Albert Belle,Cleveland,.690,Top 25
1995,Stolen Bases,Kenny Lofton,Cleveland,54,Top 25
1995,Total Bases,Albert Belle,Cleveland,377,Top 25
1995,Triples,Kenny Lofton,Cleveland,13,Top 25
1995,Statistic,Name,Team,#,Top 25
1996,Base on Balls,Tony Phillips,Chicago,125,Top 25
1996,Batting Average,Alex Rodriguez,Seattle,.358,Top 25
1996,Doubles,Alex Rodriguez,Seattle,54,Top 25
1996,Hits,Paul Molitor,Minnesota,225,Top 25
1996,Home Runs,Mark McGwire,Oakland,52,Top 25
1996,On Base Percentage,Mark McGwire,Oakland,.468,Top 25
1996,RBI,Albert Belle,Cleveland,148,Top 25
1996,Runs,Alex Rodriguez,Seattle,141,Top 25
1996,Slugging Average,Mark McGwire,Oakland,.730,Top 25
1996,Stolen Bases,Kenny Lofton,Cleveland,75,Top 25
1996,Total Bases,Alex Rodriguez,Seattle,379,Top 25
1996,Triples,Chuck Knoblauch,Minnesota,14,Top 25
1996,Statistic,Name,Team,#,Top 25
1997,Base on Balls,Jim Thome,Cleveland,120,Top 25
1997,Batting Average,Frank Thomas,Chicago,.347,Top 25
1997,Doubles,John Valentin,Boston,47,Top 25
1997,Hits,Nomar Garciaparra,Boston,209,Top 25
1997,Home Runs,"Ken Griffey, Jr.",Seattle,56,Top 25
1997,On Base Percentage,Frank Thomas,Chicago,.461,Top 25
1997,RBI,"Ken Griffey, Jr.",Seattle,147,Top 25
1997,Runs,"Ken Griffey, Jr.",Seattle,125,Top 25
1997,Slugging Average,"Ken Griffey, Jr.",Seattle,.646,Top 25
1997,Stolen Bases,Brian Hunter,Detroit,74,Top 25
1997,Total Bases,"Ken Griffey, Jr.",Seattle,393,Top 25
1997,Triples,Nomar Garciaparra,Boston,11,Top 25
1997,Statistic,Name,Team,#,Top 25
1998,Base on Balls,Rickey Henderson,Oakland,118,Top 25
1998,Batting Average,Bernie Williams,New York,.339,Top 25
1998,Doubles,Juan Gonzalez,Texas,50,Top 25
1998,Hits,Alex Rodriguez,Seattle,213,Top 25
1998,Home Runs,"Ken Griffey, Jr.",Seattle,56,Top 25
1998,On Base Percentage,Edgar Martinez,Seattle,.433,Top 25
1998,RBI,Juan Gonzalez,Texas,157,Top 25
1998,Runs,Derek Jeter,New York,127,Top 25
1998,Slugging Average,Albert Belle,Chicago,.655,Top 25
1998,Stolen Bases,Rickey Henderson,Oakland,66,Top 25
1998,Total Bases,Albert Belle,Chicago,399,Top 25
1998,Triples,Jose Offerman,Kansas City,13,Top 25
1998,Statistic,Name,Team,#,Top 25
1999,Base on Balls,Jim Thome,Cleveland,127,Top 25
1999,Batting Average,Nomar Garciaparra,Boston,.357,Top 25
1999,Doubles,Shawn Green,Toronto,45,Top 25
1999,Hits,Derek Jeter,New York,219,Top 25
1999,Home Runs,"Ken Griffey, Jr.",Seattle,48,Top 25
1999,On Base Percentage,Edgar Martinez,Seattle,.447,Top 25
1999,RBI,Manny Ramirez,Cleveland,165,Top 25
1999,Runs,Roberto Alomar,Cleveland,138,Top 25
1999,Slugging Average,Manny Ramirez,Cleveland,.663,Top 25
1999,Stolen Bases,Brian Hunter,Seattle,44,Top 25
1999,Total Bases,Shawn Green,Toronto,361,Top 25
1999,Triples,Jose Offerman,Boston,11,Top 25
1999,Statistic,Name,Team,#,Top 25
2000,Base on Balls,Jason Giambi,Oakland,137,Top 25
2000,Batting Average,Nomar Garciaparra,Boston,.372,Top 25
2000,Doubles,Carlos Delgado,Toronto,57,Top 25
2000,Hits,Darin Erstad,Anaheim,240,Top 25
2000,Home Runs,Troy Glaus,Anaheim,47,Top 25
2000,On Base Percentage,Jason Giambi,Oakland,.476,Top 25
2000,RBI,Edgar Martinez,Seattle,145,Top 25
2000,Runs,Johnny Damon,Kansas City,136,Top 25
2000,Slugging Average,Manny Ramirez,Cleveland,.697,Top 25
2000,Stolen Bases,Johnny Damon,Kansas City,46,Top 25
2000,Total Bases,Carlos Delgado,Toronto,378,Top 25
2000,Triples,Cristian Guzman,Minnesota,20,Top 25
2000,Statistic,Name,Team,#,Top 25
2001,Base on Balls,Jason Giambi,Oakland,129,Top 25
2001,Batting Average,Ichiro Suzuki,Seattle,.350,Top 25
2001,Doubles,Jason Giambi,Oakland,47,Top 25
2001,Hits,Ichiro Suzuki,Seattle,242,Top 25
2001,Home Runs,Alex Rodriguez,Texas,52,Top 25
2001,On Base Percentage,Jason Giambi,Oakland,.477,Top 25
2001,RBI,Bret Boone,Seattle,141,Top 25
2001,Runs,Alex Rodriguez,Texas,133,Top 25
2001,Slugging Average,Jason Giambi,Oakland,.660,Top 25
2001,Stolen Bases,Ichiro Suzuki,Seattle,56,Top 25
2001,Total Bases,Alex Rodriguez,Texas,393,Top 25
2001,Triples,Cristian Guzman,Minnesota,14,Top 25
2001,Statistic,Name,Team,#,Top 25
2002,Base on Balls,Jim Thome,Cleveland,122,Top 25
2002,Batting Average,Manny Ramirez,Boston,.349,Top 25
2002,Doubles,Garret Anderson,Anaheim,56,Top 25
2002,Doubles,Nomar Garciaparra,Boston,56,Top 25
2002,Hits,Alfonso Soriano,New York,209,Top 25
2002,Home Runs,Alex Rodriguez,Texas,57,Top 25
2002,On Base Percentage,Manny Ramirez,Boston,.450,Top 25
2002,RBI,Alex Rodriguez,Texas,142,Top 25
2002,Runs,Alfonso Soriano,New York,128,Top 25
2002,Slugging Average,Jim Thome,Cleveland,.677,Top 25
2002,Stolen Bases,Alfonso Soriano,New York,41,Top 25
2002,Total Bases,Alex Rodriguez,Texas,389,Top 25
2002,Triples,Johnny Damon,Boston,11,Top 25
2002,Statistic,Name,Team,#,Top 25
2003,Base on Balls,Jason Giambi,New York,129,Top 25
2003,Batting Average,Bill Mueller,Boston,.326,Top 25
2003,Doubles,Garret Anderson,Anaheim,49,Top 25
2003,Doubles,Vernon Wells,Toronto,49,Top 25
2003,Hits,Vernon Wells,Toronto,215,Top 25
2003,Home Runs,Alex Rodriguez,Texas,47,Top 25
2003,On Base Percentage,Manny Ramirez,Boston,.427,Top 25
2003,RBI,Carlos Delgado,Toronto,145,Top 25
2003,Runs,Alex Rodriguez,Texas,124,Top 25
2003,Slugging Average,Alex Rodriguez,Texas,.600,Top 25
2003,Stolen Bases,Carl Crawford,Tampa Bay,55,Top 25
2003,Total Bases,Vernon Wells,Toronto,373,Top 25
2003,Triples,Cristian Guzman,Minnesota,14,Top 25
2003,Statistic,Name,Team,#,Top 25
2004,Base on Balls,Eric Chavez,Oakland,95,Top 25
2004,Batting Average,Ichiro Suzuki,Seattle,.372,Top 25
2004,Doubles,Brian Roberts,Baltimore,50,Top 25
2004,Hits,Ichiro Suzuki,Seattle,262,Top 25
2004,Home Runs,Manny Ramirez,Boston,43,Top 25
2004,On Base Percentage,Melvin Mora,Baltimore,.419,Top 25
2004,RBI,Miguel Tejada,Baltimore,150,Top 25
2004,Runs,Vladimir Guerrero,Anaheim,124,Top 25
2004,Slugging Average,Manny Ramirez,Boston,.613,Top 25
2004,Stolen Bases,Carl Crawford,Tampa Bay,59,Top 25
2004,Total Bases,Vladimir Guerrero,Anaheim,366,Top 25
2004,Triples,Carl Crawford,Tampa Bay,19,Top 25
2004,Statistic,Name,Team,#,Top 25
2005,Base on Balls,Jason Giambi,New York,108,Top 25
2005,Batting Average,Michael Young,Texas,.331,Top 25
2005,Doubles,Miguel Tejada,Baltimore,50,Top 25
2005,Hits,Michael Young,Texas,221,Top 25
2005,Home Runs,Alex Rodriguez,New York,48,Top 25
2005,On Base Percentage,Jason Giambi,New York,.440,Top 25
2005,RBI,David Ortiz,Boston,148,Top 25
2005,Runs,Alex Rodriguez,New York,124,Top 25
2005,Slugging Average,Alex Rodriguez,New York,.610,Top 25
2005,Stolen Bases,Chone Figgins,Los Angeles,62,Top 25
2005,Total Bases,Mark Teixeira,Texas,370,Top 25
2005,Triples,Carl Crawford,Tampa Bay,15,Top 25
2005,Statistic,Name,Team,#,Top 25
2006,Base on Balls,David Ortiz,Boston,119,Top 25
2006,Batting Average,Joe Mauer,Minnesota,.347,Top 25
2006,Doubles,Grady Sizemore,Cleveland,53,Top 25
2006,Hits,Ichiro Suzuki,Seattle,224,Top 25
2006,Home Runs,David Ortiz,Boston,54,Top 25
2006,On Base Percentage,Manny Ramirez,Boston,.439,Top 25
2006,RBI,David Ortiz,Boston,137,Top 25
2006,Runs,Grady Sizemore,Cleveland,134,Top 25
2006,Slugging Average,Travis Hafner,Cleveland,.659,Top 25
2006,Stolen Bases,Carl Crawford,Tampa Bay,58,Top 25
2006,Total Bases,David Ortiz,Boston,355,Top 25
2006,Triples,Carl Crawford,Tampa Bay,16,Top 25
2006,Statistic,Name,Team,#,Top 25
2006,2006 N.L. | A.L. Retirements | A.L. Rookies | Year-by-Year,2006 N.L. | A.L. Retirements | A.L. Rookies | Year-by-Year,2006 N.L. | A.L. Retirements | A.L. Rookies | Year-by-Year,2006 N.L. | A.L. Retirements | A.L. Rookies | Year-by-Year,2006 N.L. | A.L. Retirements | A.L. Rookies | Year-by-Year
2007,Base on Balls,David Ortiz,Boston,111,Top 25
2007,Batting Average,Magglio Ordonez,Detroit,.363,Top 25
2007,Doubles,Magglio Ordonez,Detroit,54,Top 25
2007,Hits,Ichiro Suzuki,Seattle,238,Top 25
2007,Home Runs,Alex Rodriguez,New York,54,Top 25
2007,On Base Percentage,David Ortiz,Boston,.445,Top 25
2007,RBI,Alex Rodriguez,New York,156,Top 25
2007,Runs,Alex Rodriguez,New York,143,Top 25
2007,Slugging Average,Alex Rodriguez,New York,.645,Top 25
2007,Stolen Bases,Carl Crawford,Tampa Bay,50,Top 25
2007,Stolen Bases,Brian Roberts,Baltimore,50,Top 25
2007,Total Bases,Alex Rodriguez,New York,376,Top 25
2007,Triples,Curtis Granderson,Detroit,23,Top 25
2007,Statistic,Name,Team,#,Top 25
2007,2007 N.L. | A.L. Retirements | A.L. Rookies | Year-by-Year,2007 N.L. | A.L. Retirements | A.L. Rookies | Year-by-Year,2007 N.L. | A.L. Retirements | A.L. Rookies | Year-by-Year,2007 N.L. | A.L. Retirements | A.L. Rookies | Year-by-Year,2007 N.L. | A.L. Retirements | A.L. Rookies | Year-by-Year
2008,Base on Balls,Jack Cust,Oakland,111,Top 25
2008,Batting Average,Joe Mauer,Minnesota,.330,Top 25
2008,Doubles,Dustin Pedroia,Boston,54,Top 25
2008,Hits,Dustin Pedroia,Boston,213,Top 25
2008,Hits,Ichiro Suzuki,Seattle,213,Top 25
2008,Home Runs,Miguel Cabrera,Detroit,37,Top 25
2008,On Base Percentage,Milton Bradley,Texas,.436,Top 25
2008,RBI,Josh Hamilton,Texas,130,Top 25
2008,Runs,Dustin Pedroia,Boston,118,Top 25
2008,Slugging Average,Alex Rodriguez,New York,.573,Top 25
2008,Stolen Bases,Jacoby Ellsbury,Boston,50,Top 25
2008,Total Bases,Josh Hamilton,Texas,331,Top 25
2008,Triples,Curtis Granderson,Detroit,13,Top 25
2008,Statistic,Name,Team,#,Top 25
2008,2008 N.L. | A.L. Retirements | A.L. Rookies | Year-by-Year,2008 N.L. | A.L. Retirements | A.L. Rookies | Year-by-Year,2008 N.L. | A.L. Retirements | A.L. Rookies | Year-by-Year,2008 N.L. | A.L. Retirements | A.L. Rookies | Year-by-Year,2008 N.L. | A.L. Retirements | A.L. Rookies | Year-by-Year
2009,Base on Balls,Chone Figgins,Los Angeles,101,Top 25
2009,Batting Average,Joe Mauer,Minnesota,.365,Top 25
2009,Doubles,Brian Roberts,Baltimore,56,Top 25
2009,Hits,Ichiro Suzuki,Seattle,225,Top 25
2009,Home Runs,Carlos Pena,Tampa Bay,39,Top 25
2009,Home Runs,Mark Teixeira,New York,39,Top 25
2009,On Base Percentage,Joe Mauer,Minnesota,.444,Top 25
2009,RBI,Mark Teixeira,New York,122,Top 25
2009,Runs,DustinPedroia,Boston,115,Top 25
2009,Slugging Average,Joe Mauer,Minnesota,.587,Top 25
2009,Stolen Bases,Jacoby Ellsbury,Boston,70,Top 25
2009,Total Bases,Mark Teixeira,New York,344,Top 25
2009,Triples,Jacoby Ellsbury,Boston,10,Top 25
2009,Triples,Denard Span,Minnesota,10,Top 25
2009,Statistic,Name,Team,#,Top 25
2010,Base on Balls,Daric Barton,Oakland,110,Top 25
2010,Batting Average,Josh Hamilton,Texas,.359,Top 25
2010,Doubles,Adrian Beltre,Boston,49,Top 25
2010,Hits,Ichiro Suzuki,Seattle,214,Top 25
2010,Home Runs,Jose Bautista,Toronto,54,Top 25
2010,On Base Percentage,Miguel Cabrera,Detroit,.420,Top 25
2010,RBI,Miguel Cabrera,Detroit,126,Top 25
2010,Runs,Mark Teixeira,New York,113,Top 25
2010,Slugging Average,Josh Hamilton,Texas,.633,Top 25
2010,Stolen Bases,Juan Pierre,Chicago,68,Top 25
2010,Total Bases,Jose Bautista,Toronto,351,Top 25
2010,Triples,Carl Crawford,Tampa Bay,13,Top 25
2010,Statistic,Name,Team,#,Top 25
2010,2010 N.L. | A.L. Retirements | A.L. Rookies | Year-by-Year,2010 N.L. | A.L. Retirements | A.L. Rookies | Year-by-Year,2010 N.L. | A.L. Retirements | A.L. Rookies | Year-by-Year,2010 N.L. | A.L. Retirements | A.L. Rookies | Year-by-Year,2010 N.L. | A.L. Retirements | A.L. Rookies | Year-by-Year
2011,Base on Balls,Jose Bautista,Toronto,132,Top 25
2011,Batting Average,Miguel Cabrera,Detroit,.344,Top 25
2011,Doubles,Miguel Cabrera,Detroit,48,Top 25
2011,Hits,Adrian Gonzalez,Boston,213,Top 25
2011,Hits,Michael Young,Texas,213,Top 25
2011,Home Runs,Jose Bautista,Toronto,43,Top 25
2011,On Base Percentage,Miguel Cabrera,Detroit,.448,Top 25
2011,RBI,Curtis Granderson,New York,119,Top 25
2011,Runs,Curtis Granderson,New York,136,Top 25
2011,Slugging Average,Jose Bautista,Toronto,.608,Top 25
2011,Stolen Bases,Coco Crisp,Oakland,49,Top 25
2011,Stolen Bases,Brett Gardner,New York,49,Top 25
2011,Total Bases,Jacoby Ellsbury,Boston,364,Top 25
2011,Triples,Peter Bourjos,Los Angeles,11,Top 25
2011,Triples,Austin Jackson,Detroit,11,Top 25
2011,Statistic,Name,Team,#,Top 25
2011,2011 N.L. | A.L. Retirements | A.L. Rookies | Year-by-Year,2011 N.L. | A.L. Retirements | A.L. Rookies | Year-by-Year,2011 N.L. | A.L. Retirements | A.L. Rookies | Year-by-Year,2011 N.L. | A.L. Retirements | A.L. Rookies | Year-by-Year,2011 N.L. | A.L. Retirements | A.L. Rookies | Year-by-Year
2012,Base on Balls,Adam Dunn,Chicago,105,Top 25
2012,Batting Average,Miguel Cabrera,Detroit,.330,Top 25
2012,Doubles,Alex Gordon,Kansas City,51,Top 25
2012,Hits,Derek Jeter,New York,216,Top 25
2012,Home Runs,Miguel Cabrera,Detroit,44,Top 25
2012,On Base Percentage,Joe Mauer,Minnesota,.416,Top 25
2012,RBI,Miguel Cabrera,Detroit,139,Top 25
2012,Runs,Mike Trout,Los Angeles,129,Top 25
2012,Slugging Average,Miguel Cabrera,Detroit,.606,Top 25
2012,Stolen Bases,Mike Trout,Los Angeles,49,Top 25
2012,Total Bases,Miguel Cabrera,Detroit,377,Top 25
2012,Triples,Austin Jackson,Detroit,10,Top 25
2012,Statistic,Name,Team,#,Top 25
2012,2012 N.L. | A.L. Retirements | A.L. Rookies | Year-by-Year,2012 N.L. | A.L. Retirements | A.L. Rookies | Year-by-Year,2012 N.L. | A.L. Retirements | A.L. Rookies | Year-by-Year,2012 N.L. | A.L. Retirements | A.L. Rookies | Year-by-Year,2012 N.L. | A.L. Retirements | A.L. Rookies | Year-by-Year
2013,Base on Balls,Mike Trout,Los Angeles,110,Top 25
2013,Batting Average,Miguel Cabrera,Detroit,.348,Top 25
2013,Doubles,Manny Machado,Baltimore,51,Top 25
2013,Hits,Adrian Beltre,Texas,199,Top 25
2013,Home Runs,Chris Davis,Baltimore,53,Top 25
2013,On Base Percentage,Miguel Cabrera,Detroit,.442,Top 25
2013,RBI,Chris Davis,Baltimore,138,Top 25
2013,Runs,Mike Trout,Los Angeles,109,Top 25
2013,Slugging Average,Miguel Cabrera,Detroit,.636,Top 25
2013,Stolen Bases,Jacoby Ellsbury,Boston,52,Top 25
2013,Total Bases,Chris Davis,Baltimore,370,Top 25
2013,Triples,Brett Gardner,New York,10,Top 25
2013,Statistic,Name,Team,#,Top 25
2014,Base on Balls,Carlos Santana,Cleveland,113,Top 25
2014,Batting Average,Jose Altuve,Houston,.341,Top 25
2014,Doubles,Miguel Cabrera,Detroit,52,Top 25
2014,Hits,Jose Altuve,Houston,225,Top 25
2014,Home Runs,Nelson Cruz,Baltimore,40,Top 25
2014,On Base Percentage,Victor Martinez,Detroit,.409,Top 25
2014,RBI,Mike Trout,Los Angeles,111,Top 25
2014,Runs,Mike Trout,Los Angeles,115,Top 25
2014,Slugging Average,Jose Abreu,Chicago,.581,Top 25
2014,Stolen Bases,Jose Altuve,Chicago,56,Top 25
2014,Total Bases,Mike Trout,Los Angeles,338,Top 25
2014,Triples,Michael Bourn,Cleveland,10,Top 25
2014,Triples,Adam Eaton,Chicago,10,Top 25
2014,Statistic,Name,Team,#,Top25
2014,2014 A.L. History | 2014 N.L. History | Year-by-Year History,2014 A.L. History | 2014 N.L. History | Year-by-Year History,2014 A.L. History | 2014 N.L. History | Year-by-Year History,2014 A.L. History | 2014 N.L. History | Year-by-Year History,2014 A.L. History | 2014 N.L. History | Year-by-Year History
2015,Base on Balls,Jose Bautista,Toronto,110,Top 25
2015,Batting Average,Miguel Cabrera,Detroit,.338,Top 25
2015,Doubles,Michael Brantley,Cleveland,45,Top 25
2015,Hits,Jose Altuve,Houston,200,Top 25
2015,Home Runs,Chris Davis,Baltimore,47,Top 25
2015,On Base Percentage,Miguel Cabrera,Detroit,.440,Top 25
2015,RBI,Josh Donaldson,Toronto,123,Top 25
2015,Runs,Josh Donaldson,Toronto,122,Top 25
2015,Slugging Average,Mike Trout,Los Angeles,.590,Top 25
2015,Stolen Bases,Jose Altuve,Houston,38,Top 25
2015,Total Bases,Josh Donaldson,Toronto,352,Top 25
2015,Triples,Eddie Rosario,Minnesota,15,Top 25
2015,Statistic,Name,Team,#,Top 25
2016,Base on Balls,Mike Trout,Los Angeles,116,Top 25
2016,Batting Average,Jose Altuve,Houston,.338,Top 25
2016,Doubles,David Ortiz,Boston,48,Top 25
2016,Hits,Jose Altuve,Houston,216,Top 25
2016,Home Runs,Mark Trumbo,Baltimore,47,Top 25
2016,On Base Percentage,Mike Trout,Los Angeles,.441,Top 25
2016,RBI,Edwin Encarnacion,Toronto,127,Top 25
2016,RBI,David Ortiz,Boston,127,Top 25
2016,Runs,Mike Trout,Los Angeles,123,Top 25
2016,Slugging Average,David Ortiz,Boston,.620,Top 25
2016,Stolen Bases,Rajai Davis,Cleveland,43,Top 25
2016,Total Bases,Mookie Betts,Boston,359,Top 25
2016,Triples,Adam Eaton,Chicago,9,Top 25
2016,Statistic,Name,Team,#,Top 25
2017,Base on Balls,Aaron Judge,New York Yankees,127,Top 25
2017,Batting Average,Jose Altuve,Houston Astros,.346,Top 25
2017,Doubles,Jose Ramirez,Cleveland Indians,56,Top 25
2017,Hits,Jose Altuve,Houston Astros,204,Top 25
2017,Home Runs,Aaron Judge,New York Yankees,52,Top 25
2017,On Base Percentage,Mike Trout,Los Angeles Angels,.442,Top 25
2017,RBI,Nelson Cruz,Seattle Mariners,119,Top 25
2017,Runs,Aaron Judge,New York Yankees,128,Top 25
2017,Slugging Average,Mike Trout,Los Angeles Angels,.629,Top 25
2017,Stolen Bases,Whit Merrifield,Kansas City Royals,34,Top 25
2017,Total Bases,Jose Abreu,Chicago White Sox,343,Top 25
2017,Triples,Nick Castellanos,Detroit Tigers,10,Top 25
2017,Statistic,Name,Team,#,Top 25
2017,2017 A.L. History | 2017 N.L. History | Year-by-Year History,2017 A.L. History | 2017 N.L. History | Year-by-Year History,2017 A.L. History | 2017 N.L. History | Year-by-Year History,2017 A.L. History | 2017 N.L. History | Year-by-Year History,2017 A.L. History | 2017 N.L. History | Year-by-Year History
2018,Base on Balls,Mike Trout,Los Angeles Angels,122,Top 25
2018,Batting Average,Mookie Betts,Boston Red Sox,.346,Top 25
2018,Doubles,Alex Bregman,Houston Astros,50,Top 25
2018,Hits,Whit Merrifield,Kansas City Royals,192,Top 25
2018,Home Runs,Khris Davis,Oakland Athletics,48,Top 25
2018,On Base Percentage,Mike Trout,Los Angeles Angels,.460,Top 25
2018,RBI,J.D. Martinez,Boston Red Sox,130,Top 25
2018,Runs,Mookie Betts,Boston Red Sox,129,Top 25
2018,Slugging Average,Mookie Betts,Boston Red Sox,.640,Top 25
2018,Stolen Bases,Whit Merrifield,Kansas City Royals,45,Top 25
2018,Total Bases,J.D. Martinez,Boston Red Sox,358,Top 25
2018,Triples,Yolmer Sanchez,Chicago White Sox,10,Top 25
2018,Triples,Mallex Smith,Tampa Bay Rays,10,Top 25
2018,Statistic,Name,Team,#,Top 25
2018,2018 A.L. History | 2018 N.L. History | Year-by-Year History,2018 A.L. History | 2018 N.L. History | Year-by-Year History,2018 A.L. History | 2018 N.L. History | Year-by-Year History,2018 A.L. History | 2018 N.L. History | Year-by-Year History,2018 A.L. History | 2018 N.L. History | Year-by-Year History
2019,Base on Balls,Alex Bregman,Houston Astros,119,Top 25
2019,Batting Average,Tim Anderson,Chicago White Sox,.335,Top 25
2019,Doubles,Rafael Devers,Boston Red Sox,54,Top 25
2019,Hits,Whit Merrifield,Kansas City Royals,206,Top 25
2019,Home Runs,Jorge Soler,Kansas City Royals,48,Top 25
2019,On Base Percentage,Mike Trout,Los Angeles Angels,.438,Top 25
2019,RBI,Jose Abreu,Chicago White Sox,123,Top 25
2019,Runs,Mookie Betts,Boston Red Sox,135,Top 25
2019,Slugging Average,Mike Trout,Los Angeles Angels,.645,Top 25
2019,Stolen Bases,Mallex Smith,Tampa Bay Rays,46,Top 25
2019,Total Bases,Rafael Devers,Boston Red Sox,359,Top 25
2019,Triples,Hunter Dozier,Kansas City Royals,10,Top 25
2019,Triples,Whit Merrifield,Kansas City Royals,10,Top 25
2019,Triples,Adalberto Mondesi,Kansas City Royals,10,Top 25
2019,Statistic,Name,Team,#,Top 25
2020,Base on Balls,Carlos Santana,Cleveland Indians,47,Top 25
2020,Batting Average,DJ LeMahieu,New York Yankees,.364,Top 25
2020,Doubles,Cesar Hernandez,Cleveland Indians,20,Top 25
2020,Hits,Jose Abreu,Chicago White Sox,76,Top 25
2020,Home Runs,Luke Voit,New York Yankees,22,Top 25
2020,On Base Percentage,DJ LeMahieu,New York Yankees,.421,Top 25
2020,RBI,Jose Abreu,Chicago White Sox,60,Top 25
2020,Runs,Tim Anderson,Chicago White Sox,45,Top 25
2020,Runs,Jose Ramirez,Cleveland Indians,45,Top 25
2020,Slugging Average,Jose Abreu,Chicago White Sox,.617,Top 25
2020,Stolen Bases,Adalberto Mondesi,Kansas City Royals,24,Top 25
2020,Total Bases,Jose Abreu,Chicago White Sox,148,Top 25
2020,Triples,Kyle Tucker,Houston Astros,6,Top 25
2020,Statistic,Name,Team,#,Top 25
2020,2020 A.L. History | 2020 N.L. History | Year-by-Year History,2020 A.L. History | 2020 N.L. History | Year-by-Year History,2020 A.L. History | 2020 N.L. History | Year-by-Year History,2020 A.L. History | 2020 N.L. History | Year-by-Year History,2020 A.L. History | 2020 N.L. History | Year-by-Year History
2021,Base on Balls,Joey Gallo,Texas Rangers,111,Top 25
2021,Base on Balls,Joey Gallo,New York Yankees,111,Top 25
2021,Batting Average,Yuli Gurriel,Houston Astros,.319,Top 25
2021,Doubles,Jeimer Candelario,Detroit Tigers,42,Top 25
2021,Doubles,J.D. Martinez,Boston Red Sox,42,Top 25
2021,Doubles,Whit Merrifield,Kansas City Royals,42,Top 25
2021,Hits,Bo Bichette,Toronto Blue Jays,191,Top 25
2021,Home Runs,Vladimir Guerrero Jr.,Toronto Blue Jays,48,Top 25
2021,Home Runs,Salvador Perez,Kansas City Royals,48,Top 25
2021,On Base Percentage,Vladimir Guerrero Jr.,Toronto Blue Jays,.401,Top 25
2021,RBI,Salvador Perez,Kansas City Royals,121,Top 25
2021,Runs,Vladimir Guerrero Jr.,Toronto Blue Jays,123,Top 25
2021,Slugging Average,Vladimir Guerrero Jr.,Toronto Blue Jays,.601,Top 25
2021,Stolen Bases,Whit Merrifield,Kansas City Royals,40,Top 25
2021,Total Bases,Vladimir Guerrero Jr.,Toronto Blue Jays,363,Top 25
2021,Triples,Shohei Ohtani,Los Angeles Angels,8,Top 25
2021,Statistic,Name,Team,#,Top 25
2021,2021 A.L. History | 2021 N.L. History | Year-by-Year History,2021 A.L. History | 2021 N.L. History | Year-by-Year History,2021 A.L. History | 2021 N.L. History | Year-by-Year History,2021 A.L. History | 2021 N.L. History | Year-by-Year History,2021 A.L. History | 2021 N.L. History | Year-by-Year History
2022,Base on Balls,Aaron Judge,New York Yankees,111,Top 25
2022,Batting Average,Luis Arraez,Minnesota Twins,.316,Top 25
2022,Doubles,José Ramírez,Cleveland Guardians,44,Top 25
2022,Hits,Bo Bichette,Toronto Blue Jays,189,Top 25
2022,Home Runs,Aaron Judge,New York Yankees,62,Top 25
2022,On Base Percentage,Aaron Judge,New York Yankees,.425,Top 25
2022,RBI,Aaron Judge,New York Yankees,131,Top 25
2022,Runs,Aaron Judge,New York Yankees,133,Top 25
2022,Slugging Average,Aaron Judge,New York Yankees,.686,Top 25
2022,Stolen Bases,Jorge Mateo,Baltimore Orioles,35,Top 25
2022,Total Bases,Aaron Judge,New York Yankees,391,Top 25
2022,Triples,Amed Rosario,Cleveland Guardians,9,Top 25
2022,Statistic,Name,Team,#,Top 25
2022,2022 A.L. History | 2022 N.L. History | Year-by-Year History,2022 A.L. History | 2022 N.L. History | Year-by-Year History,2022 A.L. History | 2022 N.L. History | Year-by-Year History,2022 A.L. History | 2022 N.L. History | Year-by-Year History,2022 A.L. History | 2022 N.L. History | Year-by-Year History
2023,Base on Balls,J.P. Crawford,Seattle Mariners,94,Top 25
2023,Batting Average,Yandy Díaz,Tampa Bay Rays,.330,Top 25
2023,Doubles,Corey Seager,Texas Rangers,42,Top 25
2023,Hits,Marcus Semien,Texas Rangers,185,Top 25
2023,Home Runs,Shohei Ohtani,Los Angeles Angels,44,Top 25
2023,On Base Percentage,Shohei Ohtani,Los Angeles Angels,.412,Top 25
2023,RBI,Kyle Tucker,Houston Astros,112,Top 25
2023,Runs,Marcus Semien,Texas Rangers,122,Top 25
2023,Slugging Average,Shohei Ohtani,Los Angeles Angels,.654,Top 25
2023,Stolen Bases,Esteury Ruiz,Oakland Athletics,67,Top 25
2023,Total Bases,Shohei Ohtani,Los Angeles Angels,325,Top 25
2023,Triples,Bobby Witt Jr.,Kansas City Royals,11,Top 25
2023,Statistic,Name,Team,#,Top 25
2023,2023 A.L. History | 2023 N.L. History | Year-by-Year History,2023 A.L. History | 2023 N.L. History | Year-by-Year History,2023 A.L. History | 2023 N.L. History | Year-by-Year History,2023 A.L. History | 2023 N.L. History | Year-by-Year History,2023 A.L. History | 2023 N.L. History | Year-by-Year History
2024,Base on Balls,Aaron Judge,New York,133,Top 25
2024,Batting Average,Bobby Witt Jr.,Kansas City,.332,Top 25
2024,Doubles,Jarren Duran,Boston,48,Top 25
2024,Hits,Bobby Witt Jr.,Kansas City,211,Top 25
2024,Home Runs,Aaron Judge,New York,58,Top 25
2024,On Base Percentage,Aaron Judge,New York,.458,Top 25
2024,RBI,Aaron Judge,New York,144,Top 25
2024,Runs,Juan Soto,New York,128,Top 25
2024,Slugging Average,Aaron Judge,New York,.701,Top 25
2024,Stolen Bases,Jose Caballero,Tampa Bay,44,Top 25
2024,Total Bases,Aaron Judge,New York,392,Top 25
2024,Triples,Jarren Duran,Boston,14,Top 25
2024,Statistic,Name,Team,#,Top 25
2024,2024 A.L. History | 2024 N.L. History | Year-by-Year History,2024 A.L. History | 2024 N.L. History | Year-by-Year History,2024 A.L. History | 2024 N.L. History | Year-by-Year History,2024 A.L. History | 2024 N.L. History | Year-by-Year History,2024 A.L. History | 2024 N.L. History | Year-by-Year History
2025,Base on Balls,To Be Determined,--,--,Top 25
2025,Batting Average,To Be Determined,--,--,Top 25
2025,Doubles,To Be Determined,--,--,Top 25
2025,Hits,To Be Determined,--,--,Top 25
2025,Home Runs,To Be Determined,--,--,Top 25
2025,On Base Percentage,To Be Determined,--,--,Top 25
2025,RBI,To Be Determined,--,--,Top 25
2025,Runs,To Be Determined,--,--,Top 25
2025,Slugging Average,To Be Determined,--,--,Top 25
2025,Stolen Bases,To Be Determined,--,--,Top 25
2025,Total Bases,To Be Determined,--,--,Top 25
2025,Triples,To Be Determined,--,--,Top 25
2025,Statistic,Name,Team,#,Top 25
2025,2025 A.L. History | 2025 N.L. History | Year-by-Year History,2025 A.L. History | 2025 N.L. History | Year-by-Year History,2025 A.L. History | 2025 N.L. History | Year-by-Year History,2025 A.L. History | 2025 N.L. History | Year-by-Year History,2025 A.L. History | 2025 N.L. History | Year-by-Year History
